{"cameraMode":{"drawMode":0,"name":"Shaded","section":"Shading Mode"},"sceneLighting":true,"audioPlay":false,"sceneViewState":{"m_AlwaysRefresh":false,"showFog":true,"showSkybox":true,"showFlares":true,"showImageEffects":true,"showParticleSystems":true,"showVisualEffectGraphs":true,"m_FxEnabled":true},"in2DMode":false,"pivot":{"x":-0.16000008583068849,"y":1.5199999809265137,"z":10.32550048828125},"rotation":{"x":0.02339390106499195,"y":0.9769389629364014,"z":-0.137399360537529,"w":0.16261109709739686},"size":3.5333001613616945,"orthographic":false}