{"cameraMode":{"drawMode":0,"name":"Shaded","section":"Shading Mode"},"sceneLighting":true,"audioPlay":false,"sceneViewState":{"m_AlwaysRefresh":false,"showFog":true,"showSkybox":true,"showFlares":true,"showImageEffects":true,"showParticleSystems":true,"showVisualEffectGraphs":true,"m_FxEnabled":true},"in2DMode":false,"pivot":{"x":-4.918015956878662,"y":-6.778199672698975,"z":34.901222229003909},"rotation":{"x":0.18223968148231507,"y":-0.026405654847621919,"z":0.00541258417069912,"w":0.9830573201179504},"size":12.12435531616211,"orthographic":false}